id,equipment_id,state,planned,start_ts,end_ts
ES-EQ-STAMP-1--10-run1,EQ-STAMP-1,running,,2026-09-11T14:00:00.000Z,2026-09-11T21:00:00.000Z
ES-EQ-STAMP-1--10-run2,EQ-STAMP-1,running,,2026-09-11T22:00:00.000Z,2026-09-12T05:30:00.000Z
ES-EQ-WELD-1--10-run1,EQ-WELD-1,running,,2026-09-11T14:00:00.000Z,2026-09-11T21:00:00.000Z
ES-EQ-WELD-1--10-run2,EQ-WELD-1,running,,2026-09-11T22:00:00.000Z,2026-09-12T05:30:00.000Z
ES-EQ-PAINT-1--10-run1,EQ-PAINT-1,running,,2026-09-11T14:00:00.000Z,2026-09-11T21:00:00.000Z
ES-EQ-PAINT-1--10-run2,EQ-PAINT-1,running,,2026-09-11T22:00:00.000Z,2026-09-12T05:30:00.000Z
ES-EQ-STAMP-1--9-run1,EQ-STAMP-1,running,,2026-09-12T14:00:00.000Z,2026-09-12T21:00:00.000Z
ES-EQ-STAMP-1--9-run2,EQ-STAMP-1,running,,2026-09-12T22:00:00.000Z,2026-09-13T05:30:00.000Z
ES-EQ-WELD-1--9-run1,EQ-WELD-1,running,,2026-09-12T14:00:00.000Z,2026-09-12T21:00:00.000Z
ES-EQ-WELD-1--9-run2,EQ-WELD-1,running,,2026-09-12T22:00:00.000Z,2026-09-13T05:30:00.000Z
ES-EQ-PAINT-1--9-run1,EQ-PAINT-1,running,,2026-09-12T14:00:00.000Z,2026-09-12T21:00:00.000Z
ES-EQ-PAINT-1--9-run2,EQ-PAINT-1,running,,2026-09-12T22:00:00.000Z,2026-09-13T05:30:00.000Z
ES-EQ-STAMP-1--8-run1,EQ-STAMP-1,running,,2026-09-13T14:00:00.000Z,2026-09-13T21:00:00.000Z
ES-EQ-STAMP-1--8-run2,EQ-STAMP-1,running,,2026-09-13T22:00:00.000Z,2026-09-14T05:30:00.000Z
ES-EQ-WELD-1--8-run1,EQ-WELD-1,running,,2026-09-13T14:00:00.000Z,2026-09-13T21:00:00.000Z
ES-EQ-WELD-1--8-run2,EQ-WELD-1,running,,2026-09-13T22:00:00.000Z,2026-09-14T05:30:00.000Z
ES-EQ-PAINT-1--8-run1,EQ-PAINT-1,running,,2026-09-13T14:00:00.000Z,2026-09-13T21:00:00.000Z
ES-EQ-PAINT-1--8-run2,EQ-PAINT-1,running,,2026-09-13T22:00:00.000Z,2026-09-14T05:30:00.000Z
ES-EQ-STAMP-1--7-run1,EQ-STAMP-1,running,,2026-09-14T14:00:00.000Z,2026-09-14T21:00:00.000Z
ES-EQ-STAMP-1--7-run2,EQ-STAMP-1,running,,2026-09-14T22:00:00.000Z,2026-09-15T05:30:00.000Z
ES-EQ-WELD-1--7-run1,EQ-WELD-1,running,,2026-09-14T14:00:00.000Z,2026-09-14T21:00:00.000Z
ES-EQ-WELD-1--7-run2,EQ-WELD-1,running,,2026-09-14T22:00:00.000Z,2026-09-15T05:30:00.000Z
ES-EQ-PAINT-1--7-run1,EQ-PAINT-1,running,,2026-09-14T14:00:00.000Z,2026-09-14T21:00:00.000Z
ES-EQ-PAINT-1--7-run2,EQ-PAINT-1,running,,2026-09-14T22:00:00.000Z,2026-09-15T05:30:00.000Z
ES-EQ-STAMP-1--6-run1,EQ-STAMP-1,running,,2026-09-15T14:00:00.000Z,2026-09-15T21:00:00.000Z
ES-EQ-STAMP-1--6-run2,EQ-STAMP-1,running,,2026-09-15T22:00:00.000Z,2026-09-16T05:30:00.000Z
ES-EQ-WELD-1--6-run1,EQ-WELD-1,running,,2026-09-15T14:00:00.000Z,2026-09-15T21:00:00.000Z
ES-EQ-WELD-1--6-run2,EQ-WELD-1,running,,2026-09-15T22:00:00.000Z,2026-09-16T05:30:00.000Z
ES-EQ-PAINT-1--6-run1,EQ-PAINT-1,running,,2026-09-15T14:00:00.000Z,2026-09-15T21:00:00.000Z
ES-EQ-PAINT-1--6-run2,EQ-PAINT-1,running,,2026-09-15T22:00:00.000Z,2026-09-16T05:30:00.000Z
ES-EQ-STAMP-1--5-run1,EQ-STAMP-1,running,,2026-09-16T14:00:00.000Z,2026-09-16T21:00:00.000Z
ES-EQ-STAMP-1--5-run2,EQ-STAMP-1,running,,2026-09-16T22:00:00.000Z,2026-09-17T05:30:00.000Z
ES-EQ-WELD-1--5-run1,EQ-WELD-1,running,,2026-09-16T14:00:00.000Z,2026-09-16T21:00:00.000Z
ES-EQ-WELD-1--5-run2,EQ-WELD-1,running,,2026-09-16T22:00:00.000Z,2026-09-17T05:30:00.000Z
ES-EQ-PAINT-1--5-run1,EQ-PAINT-1,running,,2026-09-16T14:00:00.000Z,2026-09-16T21:00:00.000Z
ES-EQ-PAINT-1--5-run2,EQ-PAINT-1,running,,2026-09-16T22:00:00.000Z,2026-09-17T05:30:00.000Z
ES-EQ-STAMP-1--4-run1,EQ-STAMP-1,running,,2026-09-17T14:00:00.000Z,2026-09-17T21:00:00.000Z
ES-EQ-STAMP-1--4-run2,EQ-STAMP-1,running,,2026-09-17T22:00:00.000Z,2026-09-18T05:30:00.000Z
ES-EQ-WELD-1--4-run1,EQ-WELD-1,running,,2026-09-17T14:00:00.000Z,2026-09-17T21:00:00.000Z
ES-EQ-WELD-1--4-run2,EQ-WELD-1,running,,2026-09-17T22:00:00.000Z,2026-09-18T05:30:00.000Z
ES-EQ-PAINT-1--4-run1,EQ-PAINT-1,running,,2026-09-17T14:00:00.000Z,2026-09-17T21:00:00.000Z
ES-EQ-PAINT-1--4-run2,EQ-PAINT-1,running,,2026-09-17T22:00:00.000Z,2026-09-18T05:30:00.000Z
ES-EQ-STAMP-1--3-run1,EQ-STAMP-1,running,,2026-09-18T14:00:00.000Z,2026-09-18T21:00:00.000Z
ES-EQ-STAMP-1--3-run2,EQ-STAMP-1,running,,2026-09-18T22:00:00.000Z,2026-09-19T05:30:00.000Z
ES-EQ-WELD-1--3-run1,EQ-WELD-1,running,,2026-09-18T14:00:00.000Z,2026-09-18T21:00:00.000Z
ES-EQ-WELD-1--3-run2,EQ-WELD-1,running,,2026-09-18T22:00:00.000Z,2026-09-19T05:30:00.000Z
ES-EQ-PAINT-1--3-run1,EQ-PAINT-1,running,,2026-09-18T14:00:00.000Z,2026-09-18T21:00:00.000Z
ES-EQ-PAINT-1--3-run2,EQ-PAINT-1,running,,2026-09-18T22:00:00.000Z,2026-09-19T05:30:00.000Z
ES-EQ-STAMP-1--2-run1,EQ-STAMP-1,running,,2026-09-19T14:00:00.000Z,2026-09-19T21:00:00.000Z
ES-EQ-STAMP-1--2-run2,EQ-STAMP-1,running,,2026-09-19T22:00:00.000Z,2026-09-20T05:30:00.000Z
ES-EQ-WELD-1--2-run1,EQ-WELD-1,running,,2026-09-19T14:00:00.000Z,2026-09-19T21:00:00.000Z
ES-EQ-WELD-1--2-maint,EQ-WELD-1,maintenance,1,2026-09-19T21:00:00.000Z,2026-09-19T23:00:00.000Z
ES-EQ-PAINT-1--2-run1,EQ-PAINT-1,running,,2026-09-19T14:00:00.000Z,2026-09-19T21:00:00.000Z
ES-EQ-PAINT-1--2-run2,EQ-PAINT-1,running,,2026-09-19T22:00:00.000Z,2026-09-20T05:30:00.000Z
ES-EQ-STAMP-1--1-run1,EQ-STAMP-1,running,,2026-09-20T14:00:00.000Z,2026-09-20T21:00:00.000Z
ES-EQ-STAMP-1--1-breakdown,EQ-STAMP-1,stopped,,2026-09-20T21:00:00.000Z,2026-09-21T01:00:00.000Z
ES-EQ-WELD-1--1-run1,EQ-WELD-1,running,,2026-09-20T14:00:00.000Z,2026-09-20T21:00:00.000Z
ES-EQ-WELD-1--1-run2,EQ-WELD-1,running,,2026-09-20T22:00:00.000Z,2026-09-21T05:30:00.000Z
ES-EQ-PAINT-1--1-run1,EQ-PAINT-1,running,,2026-09-20T14:00:00.000Z,2026-09-20T21:00:00.000Z
ES-EQ-PAINT-1--1-run2,EQ-PAINT-1,running,,2026-09-20T22:00:00.000Z,2026-09-21T05:30:00.000Z
ES-EQ-PAINT-1-current,EQ-PAINT-1,running,,2026-09-21T06:00:00.000Z,
ES-EQ-WELD-1-current,EQ-WELD-1,running,,2026-09-21T07:00:00.000Z,
