id,lot_id,order_id,product_id,inspected_qty,defect_qty,defect_category,result,inspected_ts
INSP-00001,LOT-PROD-BRAKE-PAD-1,ORD-1004,PROD-BRAKE-PAD,161,2,surface_finish,pass,2026-09-11T17:41:07.390Z
INSP-00002,LOT-PROD-BRAKE-PAD-2,ORD-1007,PROD-BRAKE-PAD,162,3,surface_finish,pass,2026-09-12T01:42:33.864Z
INSP-00003,LOT-PROD-BRAKE-PAD-3,ORD-1001,PROD-BRAKE-PAD,172,1,surface_finish,pass,2026-09-11T16:32:49.511Z
INSP-00004,LOT-PROD-BRAKE-PAD-4,ORD-1004,PROD-BRAKE-PAD,176,2,surface_finish,pass,2026-09-12T00:35:36.746Z
INSP-00005,LOT-PROD-ROTOR-5,ORD-1005,PROD-ROTOR,102,2,dimensional,pass,2026-09-11T17:44:09.629Z
INSP-00006,LOT-PROD-ROTOR-6,ORD-1002,PROD-ROTOR,99,2,surface_finish,pass,2026-09-12T01:39:00.919Z
INSP-00007,LOT-PROD-ROTOR-7,ORD-1005,PROD-ROTOR,125,1,surface_finish,pass,2026-09-11T18:49:03.228Z
INSP-00008,LOT-PROD-ROTOR-8,ORD-1002,PROD-ROTOR,126,1,dimensional,pass,2026-09-12T02:49:43.015Z
INSP-00009,LOT-PROD-CALIPER-9,ORD-1006,PROD-CALIPER,129,4,dimensional,pass,2026-09-11T21:04:06.364Z
INSP-00010,LOT-PROD-CALIPER-10,ORD-1003,PROD-CALIPER,136,3,dimensional,pass,2026-09-12T05:14:57.269Z
INSP-00011,LOT-PROD-CALIPER-11,ORD-1006,PROD-CALIPER,109,3,dimensional,pass,2026-09-11T21:02:07.986Z
INSP-00012,LOT-PROD-CALIPER-12,ORD-1003,PROD-CALIPER,117,4,dimensional,pass,2026-09-12T05:15:29.368Z
INSP-00013,LOT-PROD-CALIPER-13,ORD-1006,PROD-CALIPER,139,2,surface_finish,pass,2026-09-11T21:09:31.448Z
INSP-00014,LOT-PROD-CALIPER-14,ORD-1003,PROD-CALIPER,149,2,surface_finish,pass,2026-09-12T05:17:21.252Z
INSP-00015,LOT-PROD-BRAKE-PAD-15,ORD-1001,PROD-BRAKE-PAD,154,3,surface_finish,pass,2026-09-12T17:32:53.983Z
INSP-00016,LOT-PROD-BRAKE-PAD-16,ORD-1004,PROD-BRAKE-PAD,165,2,dimensional,pass,2026-09-13T01:46:31.975Z
INSP-00017,LOT-PROD-BRAKE-PAD-17,ORD-1007,PROD-BRAKE-PAD,172,2,dimensional,pass,2026-09-12T16:32:58.733Z
INSP-00018,LOT-PROD-BRAKE-PAD-18,ORD-1001,PROD-BRAKE-PAD,180,1,surface_finish,pass,2026-09-13T00:38:14.282Z
INSP-00019,LOT-PROD-ROTOR-19,ORD-1005,PROD-ROTOR,104,3,surface_finish,pass,2026-09-12T17:47:59.078Z
INSP-00020,LOT-PROD-ROTOR-20,ORD-1002,PROD-ROTOR,98,2,dimensional,pass,2026-09-13T01:37:33.233Z
INSP-00021,LOT-PROD-ROTOR-21,ORD-1005,PROD-ROTOR,127,2,dimensional,pass,2026-09-12T18:50:33.192Z
INSP-00022,LOT-PROD-ROTOR-22,ORD-1002,PROD-ROTOR,132,1,surface_finish,pass,2026-09-13T02:55:44.646Z
INSP-00023,LOT-PROD-CALIPER-23,ORD-1006,PROD-CALIPER,126,2,surface_finish,pass,2026-09-12T21:00:07.753Z
INSP-00024,LOT-PROD-CALIPER-24,ORD-1003,PROD-CALIPER,129,2,dimensional,pass,2026-09-13T05:04:20.596Z
INSP-00025,LOT-PROD-CALIPER-25,ORD-1006,PROD-CALIPER,114,3,dimensional,pass,2026-09-12T21:09:25.598Z
INSP-00026,LOT-PROD-CALIPER-26,ORD-1003,PROD-CALIPER,120,4,surface_finish,pass,2026-09-13T05:19:24.504Z
INSP-00027,LOT-PROD-CALIPER-27,ORD-1006,PROD-CALIPER,146,1,dimensional,pass,2026-09-12T21:15:04.551Z
INSP-00028,LOT-PROD-CALIPER-28,ORD-1003,PROD-CALIPER,149,2,surface_finish,pass,2026-09-13T05:17:20.840Z
INSP-00029,LOT-PROD-BRAKE-PAD-29,ORD-1007,PROD-BRAKE-PAD,155,2,surface_finish,pass,2026-09-13T17:34:41.962Z
INSP-00030,LOT-PROD-BRAKE-PAD-30,ORD-1001,PROD-BRAKE-PAD,162,2,surface_finish,pass,2026-09-14T01:43:05.782Z
INSP-00031,LOT-PROD-BRAKE-PAD-31,ORD-1004,PROD-BRAKE-PAD,175,2,dimensional,pass,2026-09-13T16:35:02.788Z
INSP-00032,LOT-PROD-BRAKE-PAD-32,ORD-1007,PROD-BRAKE-PAD,169,1,dimensional,pass,2026-09-14T00:30:24.737Z
INSP-00033,LOT-PROD-ROTOR-33,ORD-1005,PROD-ROTOR,102,2,dimensional,pass,2026-09-13T17:45:00.287Z
INSP-00034,LOT-PROD-ROTOR-34,ORD-1002,PROD-ROTOR,99,2,dimensional,pass,2026-09-14T01:38:28.993Z
INSP-00035,LOT-PROD-ROTOR-35,ORD-1005,PROD-ROTOR,139,2,surface_finish,pass,2026-09-13T19:02:37.106Z
INSP-00036,LOT-PROD-ROTOR-36,ORD-1002,PROD-ROTOR,135,2,dimensional,pass,2026-09-14T02:58:47.740Z
INSP-00037,LOT-PROD-CALIPER-37,ORD-1006,PROD-CALIPER,127,2,dimensional,pass,2026-09-13T21:01:55.931Z
INSP-00038,LOT-PROD-CALIPER-38,ORD-1003,PROD-CALIPER,128,3,surface_finish,pass,2026-09-14T05:02:50.762Z
INSP-00039,LOT-PROD-CALIPER-39,ORD-1006,PROD-CALIPER,111,3,dimensional,pass,2026-09-13T21:05:21.236Z
INSP-00040,LOT-PROD-CALIPER-40,ORD-1003,PROD-CALIPER,109,3,dimensional,pass,2026-09-14T05:01:15.554Z
INSP-00041,LOT-PROD-CALIPER-41,ORD-1006,PROD-CALIPER,139,1,surface_finish,pass,2026-09-13T21:09:08.002Z
INSP-00042,LOT-PROD-CALIPER-42,ORD-1003,PROD-CALIPER,153,1,dimensional,pass,2026-09-14T05:21:15.775Z
INSP-00043,LOT-PROD-BRAKE-PAD-43,ORD-1004,PROD-BRAKE-PAD,161,2,dimensional,pass,2026-09-14T17:41:10.955Z
INSP-00044,LOT-PROD-BRAKE-PAD-44,ORD-1007,PROD-BRAKE-PAD,151,2,surface_finish,pass,2026-09-15T01:29:29.817Z
INSP-00045,LOT-PROD-BRAKE-PAD-45,ORD-1001,PROD-BRAKE-PAD,172,2,dimensional,pass,2026-09-14T16:33:04.853Z
INSP-00046,LOT-PROD-BRAKE-PAD-46,ORD-1004,PROD-BRAKE-PAD,167,2,surface_finish,pass,2026-09-15T00:29:24.449Z
INSP-00047,LOT-PROD-ROTOR-47,ORD-1005,PROD-ROTOR,100,2,dimensional,pass,2026-09-14T17:40:31.163Z
INSP-00048,LOT-PROD-ROTOR-48,ORD-1002,PROD-ROTOR,96,2,dimensional,pass,2026-09-15T01:32:05.250Z
INSP-00049,LOT-PROD-ROTOR-49,ORD-1005,PROD-ROTOR,131,1,dimensional,pass,2026-09-14T18:54:31.511Z
INSP-00050,LOT-PROD-ROTOR-50,ORD-1002,PROD-ROTOR,135,2,dimensional,pass,2026-09-15T02:58:36.354Z
INSP-00051,LOT-PROD-CALIPER-51,ORD-1006,PROD-CALIPER,138,4,dimensional,pass,2026-09-14T21:17:18.508Z
INSP-00052,LOT-PROD-CALIPER-52,ORD-1003,PROD-CALIPER,134,3,surface_finish,pass,2026-09-15T05:11:19.695Z
INSP-00053,LOT-PROD-CALIPER-53,ORD-1006,PROD-CALIPER,110,4,dimensional,pass,2026-09-14T21:03:26.612Z
INSP-00054,LOT-PROD-CALIPER-54,ORD-1003,PROD-CALIPER,111,3,dimensional,pass,2026-09-15T05:05:13.912Z
INSP-00055,LOT-PROD-CALIPER-55,ORD-1006,PROD-CALIPER,142,1,dimensional,pass,2026-09-14T21:11:22.215Z
INSP-00056,LOT-PROD-CALIPER-56,ORD-1003,PROD-CALIPER,141,2,dimensional,pass,2026-09-15T05:10:44.926Z
INSP-00057,LOT-PROD-BRAKE-PAD-57,ORD-1001,PROD-BRAKE-PAD,160,3,dimensional,pass,2026-09-15T17:40:37.695Z
INSP-00058,LOT-PROD-BRAKE-PAD-58,ORD-1004,PROD-BRAKE-PAD,157,2,surface_finish,pass,2026-09-16T01:36:28.711Z
INSP-00059,LOT-PROD-BRAKE-PAD-59,ORD-1007,PROD-BRAKE-PAD,183,2,dimensional,pass,2026-09-15T16:40:21.827Z
INSP-00060,LOT-PROD-BRAKE-PAD-60,ORD-1001,PROD-BRAKE-PAD,184,2,surface_finish,pass,2026-09-16T00:41:08.809Z
INSP-00061,LOT-PROD-ROTOR-61,ORD-1005,PROD-ROTOR,104,2,dimensional,pass,2026-09-15T17:47:17.077Z
INSP-00062,LOT-PROD-ROTOR-62,ORD-1002,PROD-ROTOR,101,2,dimensional,pass,2026-09-16T01:41:29.617Z
INSP-00063,LOT-PROD-ROTOR-63,ORD-1005,PROD-ROTOR,131,1,surface_finish,pass,2026-09-15T18:54:27.300Z
INSP-00064,LOT-PROD-ROTOR-64,ORD-1002,PROD-ROTOR,132,1,surface_finish,pass,2026-09-16T02:55:53.279Z
INSP-00065,LOT-PROD-CALIPER-65,ORD-1006,PROD-CALIPER,136,4,dimensional,pass,2026-09-15T21:14:06.962Z
INSP-00066,LOT-PROD-CALIPER-66,ORD-1003,PROD-CALIPER,127,3,surface_finish,pass,2026-09-16T05:02:03.319Z
INSP-00067,LOT-PROD-CALIPER-67,ORD-1006,PROD-CALIPER,117,3,surface_finish,pass,2026-09-15T21:14:28.607Z
INSP-00068,LOT-PROD-CALIPER-68,ORD-1003,PROD-CALIPER,115,3,surface_finish,pass,2026-09-16T05:11:45.833Z
INSP-00069,LOT-PROD-CALIPER-69,ORD-1006,PROD-CALIPER,149,2,dimensional,pass,2026-09-15T21:17:23.486Z
INSP-00070,LOT-PROD-CALIPER-70,ORD-1003,PROD-CALIPER,153,1,dimensional,pass,2026-09-16T05:21:17.839Z
INSP-00071,LOT-PROD-BRAKE-PAD-71,ORD-1007,PROD-BRAKE-PAD,166,2,dimensional,pass,2026-09-16T17:48:11.290Z
INSP-00072,LOT-PROD-BRAKE-PAD-72,ORD-1001,PROD-BRAKE-PAD,165,3,dimensional,pass,2026-09-17T01:46:14.284Z
INSP-00073,LOT-PROD-BRAKE-PAD-73,ORD-1004,PROD-BRAKE-PAD,167,2,surface_finish,pass,2026-09-16T16:29:16.774Z
INSP-00074,LOT-PROD-BRAKE-PAD-74,ORD-1007,PROD-BRAKE-PAD,181,1,surface_finish,pass,2026-09-17T00:39:10.146Z
INSP-00075,LOT-PROD-ROTOR-75,ORD-1005,PROD-ROTOR,99,2,dimensional,pass,2026-09-16T17:38:17.472Z
INSP-00076,LOT-PROD-ROTOR-76,ORD-1002,PROD-ROTOR,97,3,dimensional,pass,2026-09-17T01:34:14.107Z
INSP-00077,LOT-PROD-ROTOR-77,ORD-1005,PROD-ROTOR,129,1,surface_finish,pass,2026-09-16T18:53:04.427Z
INSP-00078,LOT-PROD-ROTOR-78,ORD-1002,PROD-ROTOR,135,1,surface_finish,pass,2026-09-17T02:59:01.751Z
INSP-00079,LOT-PROD-CALIPER-79,ORD-1006,PROD-CALIPER,128,2,surface_finish,pass,2026-09-16T21:02:36.865Z
INSP-00080,LOT-PROD-CALIPER-80,ORD-1003,PROD-CALIPER,131,3,dimensional,pass,2026-09-17T05:07:48.865Z
INSP-00081,LOT-PROD-CALIPER-81,ORD-1006,PROD-CALIPER,112,4,dimensional,pass,2026-09-16T21:07:25.567Z
INSP-00082,LOT-PROD-CALIPER-82,ORD-1003,PROD-CALIPER,109,3,dimensional,pass,2026-09-17T05:01:36.033Z
INSP-00083,LOT-PROD-CALIPER-83,ORD-1006,PROD-CALIPER,147,1,surface_finish,pass,2026-09-16T21:16:25.668Z
INSP-00084,LOT-PROD-CALIPER-84,ORD-1003,PROD-CALIPER,146,2,dimensional,pass,2026-09-17T05:15:07.239Z
INSP-00085,LOT-PROD-BRAKE-PAD-85,ORD-1004,PROD-BRAKE-PAD,153,2,dimensional,pass,2026-09-17T17:31:36.703Z
INSP-00086,LOT-PROD-BRAKE-PAD-86,ORD-1007,PROD-BRAKE-PAD,165,3,surface_finish,pass,2026-09-18T01:46:47.025Z
INSP-00087,LOT-PROD-BRAKE-PAD-87,ORD-1001,PROD-BRAKE-PAD,169,1,dimensional,pass,2026-09-17T16:30:22.984Z
INSP-00088,LOT-PROD-BRAKE-PAD-88,ORD-1004,PROD-BRAKE-PAD,174,2,surface_finish,pass,2026-09-18T00:34:11.313Z
INSP-00089,LOT-PROD-ROTOR-89,ORD-1005,PROD-ROTOR,100,3,surface_finish,pass,2026-09-17T17:40:20.703Z
INSP-00090,LOT-PROD-ROTOR-90,ORD-1002,PROD-ROTOR,102,2,surface_finish,pass,2026-09-18T01:44:15.136Z
INSP-00091,LOT-PROD-ROTOR-91,ORD-1005,PROD-ROTOR,133,1,surface_finish,pass,2026-09-17T18:56:40.998Z
INSP-00092,LOT-PROD-ROTOR-92,ORD-1002,PROD-ROTOR,128,2,dimensional,pass,2026-09-18T02:51:28.539Z
INSP-00093,LOT-PROD-CALIPER-93,ORD-1006,PROD-CALIPER,126,3,surface_finish,pass,2026-09-17T20:59:45.063Z
INSP-00094,LOT-PROD-CALIPER-94,ORD-1003,PROD-CALIPER,135,3,surface_finish,pass,2026-09-18T05:12:32.139Z
INSP-00095,LOT-PROD-CALIPER-95,ORD-1006,PROD-CALIPER,107,4,dimensional,pass,2026-09-17T20:58:57.887Z
INSP-00096,LOT-PROD-CALIPER-96,ORD-1003,PROD-CALIPER,111,3,surface_finish,pass,2026-09-18T05:04:28.005Z
INSP-00097,LOT-PROD-CALIPER-97,ORD-1006,PROD-CALIPER,142,1,surface_finish,pass,2026-09-17T21:11:52.171Z
INSP-00098,LOT-PROD-CALIPER-98,ORD-1003,PROD-CALIPER,143,1,surface_finish,pass,2026-09-18T05:12:43.652Z
INSP-00099,LOT-PROD-BRAKE-PAD-99,ORD-1001,PROD-BRAKE-PAD,166,2,surface_finish,pass,2026-09-18T17:48:08.536Z
INSP-00100,LOT-PROD-BRAKE-PAD-100,ORD-1004,PROD-BRAKE-PAD,164,3,dimensional,pass,2026-09-19T01:45:30.496Z
INSP-00101,LOT-PROD-BRAKE-PAD-101,ORD-1007,PROD-BRAKE-PAD,181,2,surface_finish,pass,2026-09-18T16:39:30.210Z
INSP-00102,LOT-PROD-BRAKE-PAD-102,ORD-1001,PROD-BRAKE-PAD,177,2,surface_finish,pass,2026-09-19T00:36:45.600Z
INSP-00103,LOT-PROD-ROTOR-103,ORD-1005,PROD-ROTOR,105,2,dimensional,pass,2026-09-18T17:49:10.236Z
INSP-00104,LOT-PROD-ROTOR-104,ORD-1002,PROD-ROTOR,101,2,surface_finish,pass,2026-09-19T01:41:45.757Z
INSP-00105,LOT-PROD-ROTOR-105,ORD-1005,PROD-ROTOR,131,1,dimensional,pass,2026-09-18T18:54:24.952Z
INSP-00106,LOT-PROD-ROTOR-106,ORD-1002,PROD-ROTOR,138,2,dimensional,pass,2026-09-19T03:01:19.093Z
INSP-00107,LOT-PROD-CALIPER-107,ORD-1006,PROD-CALIPER,133,2,surface_finish,pass,2026-09-18T21:09:41.404Z
INSP-00108,LOT-PROD-CALIPER-108,ORD-1003,PROD-CALIPER,138,3,dimensional,pass,2026-09-19T05:16:43.346Z
INSP-00109,LOT-PROD-CALIPER-109,ORD-1006,PROD-CALIPER,111,13,assembly_gap,fail,2026-09-18T21:04:31.292Z
INSP-00110,LOT-PROD-CALIPER-110,ORD-1003,PROD-CALIPER,119,14,assembly_gap,fail,2026-09-19T05:18:41.418Z
INSP-00111,LOT-PROD-CALIPER-111,ORD-1006,PROD-CALIPER,147,2,surface_finish,pass,2026-09-18T21:15:48.781Z
INSP-00112,LOT-PROD-CALIPER-112,ORD-1003,PROD-CALIPER,151,1,surface_finish,pass,2026-09-19T05:19:47.816Z
INSP-00113,LOT-PROD-BRAKE-PAD-113,ORD-1007,PROD-BRAKE-PAD,153,2,surface_finish,pass,2026-09-19T17:32:24.221Z
INSP-00114,LOT-PROD-BRAKE-PAD-114,ORD-1001,PROD-BRAKE-PAD,160,2,dimensional,pass,2026-09-20T01:39:56.363Z
INSP-00115,LOT-PROD-BRAKE-PAD-115,ORD-1004,PROD-BRAKE-PAD,176,1,surface_finish,pass,2026-09-19T16:35:59.921Z
INSP-00116,LOT-PROD-BRAKE-PAD-116,ORD-1007,PROD-BRAKE-PAD,175,2,surface_finish,pass,2026-09-20T00:34:53.744Z
INSP-00117,LOT-PROD-ROTOR-117,ORD-1005,PROD-ROTOR,102,2,dimensional,pass,2026-09-19T17:43:33.763Z
INSP-00118,LOT-PROD-ROTOR-118,ORD-1002,PROD-ROTOR,96,3,dimensional,pass,2026-09-20T01:32:01.166Z
INSP-00119,LOT-PROD-ROTOR-119,ORD-1005,PROD-ROTOR,130,1,surface_finish,pass,2026-09-19T18:54:15.299Z
INSP-00120,LOT-PROD-ROTOR-120,ORD-1002,PROD-ROTOR,135,2,dimensional,pass,2026-09-20T02:58:34.013Z
INSP-00121,LOT-PROD-CALIPER-121,ORD-1006,PROD-CALIPER,129,2,dimensional,pass,2026-09-19T21:04:10.538Z
INSP-00122,LOT-PROD-CALIPER-122,ORD-1003,PROD-CALIPER,138,3,surface_finish,pass,2026-09-20T05:16:28.644Z
INSP-00123,LOT-PROD-CALIPER-123,ORD-1006,PROD-CALIPER,118,4,dimensional,pass,2026-09-19T21:17:09.057Z
INSP-00124,LOT-PROD-CALIPER-124,ORD-1003,PROD-CALIPER,115,4,dimensional,pass,2026-09-20T05:11:40.295Z
INSP-00125,LOT-PROD-CALIPER-125,ORD-1006,PROD-CALIPER,143,2,surface_finish,pass,2026-09-19T21:12:54.135Z
INSP-00126,LOT-PROD-CALIPER-126,ORD-1003,PROD-CALIPER,147,2,surface_finish,pass,2026-09-20T05:16:16.001Z
INSP-00127,LOT-PROD-BRAKE-PAD-127,ORD-1004,PROD-BRAKE-PAD,152,2,surface_finish,pass,2026-09-20T17:30:47.438Z
INSP-00128,LOT-PROD-BRAKE-PAD-128,ORD-1007,PROD-BRAKE-PAD,166,4,dimensional,pass,2026-09-21T01:47:47.454Z
INSP-00129,LOT-PROD-BRAKE-PAD-129,ORD-1001,PROD-BRAKE-PAD,167,2,dimensional,pass,2026-09-20T16:29:27.851Z
INSP-00130,LOT-PROD-BRAKE-PAD-130,ORD-1004,PROD-BRAKE-PAD,171,1,surface_finish,pass,2026-09-21T00:32:13.140Z
INSP-00131,LOT-PROD-ROTOR-131,ORD-1005,PROD-ROTOR,103,2,surface_finish,pass,2026-09-20T17:46:08.405Z
INSP-00132,LOT-PROD-ROTOR-132,ORD-1002,PROD-ROTOR,94,2,surface_finish,pass,2026-09-21T01:29:10.422Z
INSP-00133,LOT-PROD-ROTOR-133,ORD-1005,PROD-ROTOR,130,2,surface_finish,pass,2026-09-20T18:54:15.738Z
INSP-00134,LOT-PROD-ROTOR-134,ORD-1002,PROD-ROTOR,132,2,dimensional,pass,2026-09-21T02:56:04.263Z
INSP-00135,LOT-PROD-CALIPER-135,ORD-1006,PROD-CALIPER,136,3,surface_finish,pass,2026-09-20T21:14:43.418Z
INSP-00136,LOT-PROD-CALIPER-136,ORD-1003,PROD-CALIPER,137,3,surface_finish,pass,2026-09-21T05:15:08.072Z
INSP-00137,LOT-PROD-CALIPER-137,ORD-1006,PROD-CALIPER,109,4,surface_finish,pass,2026-09-20T21:02:11.025Z
INSP-00138,LOT-PROD-CALIPER-138,ORD-1003,PROD-CALIPER,116,4,surface_finish,pass,2026-09-21T05:12:40.019Z
INSP-00139,LOT-PROD-CALIPER-139,ORD-1006,PROD-CALIPER,143,2,surface_finish,pass,2026-09-20T21:12:22.690Z
INSP-00140,LOT-PROD-CALIPER-140,ORD-1003,PROD-CALIPER,149,1,dimensional,pass,2026-09-21T05:17:26.341Z
