id,order_id,product_id,equipment_id,lot_id,step_no,good_qty,defect_qty,start_ts,end_ts
PR-00001,ORD-1004,PROD-BRAKE-PAD,EQ-STAMP-1,LOT-PROD-BRAKE-PAD-1,1,158,3,2026-09-11T14:00:00.000Z,2026-09-11T17:11:07.390Z
PR-00002,ORD-1007,PROD-BRAKE-PAD,EQ-STAMP-1,LOT-PROD-BRAKE-PAD-2,1,158,4,2026-09-11T22:00:00.000Z,2026-09-12T01:12:33.864Z
PR-00003,ORD-1001,PROD-BRAKE-PAD,EQ-PAINT-1,LOT-PROD-BRAKE-PAD-3,2,171,1,2026-09-11T14:00:00.000Z,2026-09-11T16:02:49.511Z
PR-00004,ORD-1004,PROD-BRAKE-PAD,EQ-PAINT-1,LOT-PROD-BRAKE-PAD-4,2,173,3,2026-09-11T22:00:00.000Z,2026-09-12T00:05:36.746Z
PR-00005,ORD-1005,PROD-ROTOR,EQ-WELD-1,LOT-PROD-ROTOR-5,1,99,3,2026-09-11T14:00:00.000Z,2026-09-11T17:14:09.629Z
PR-00006,ORD-1002,PROD-ROTOR,EQ-WELD-1,LOT-PROD-ROTOR-6,1,96,3,2026-09-11T22:00:00.000Z,2026-09-12T01:09:00.919Z
PR-00007,ORD-1005,PROD-ROTOR,EQ-PAINT-1,LOT-PROD-ROTOR-7,2,124,1,2026-09-11T16:20:00.000Z,2026-09-11T18:19:03.228Z
PR-00008,ORD-1002,PROD-ROTOR,EQ-PAINT-1,LOT-PROD-ROTOR-8,2,125,1,2026-09-12T00:20:00.000Z,2026-09-12T02:19:43.015Z
PR-00009,ORD-1006,PROD-CALIPER,EQ-STAMP-1,LOT-PROD-CALIPER-9,1,124,5,2026-09-11T17:30:00.000Z,2026-09-11T20:34:06.364Z
PR-00010,ORD-1003,PROD-CALIPER,EQ-STAMP-1,LOT-PROD-CALIPER-10,1,132,4,2026-09-12T01:30:00.000Z,2026-09-12T04:44:57.269Z
PR-00011,ORD-1006,PROD-CALIPER,EQ-WELD-1,LOT-PROD-CALIPER-11,2,105,4,2026-09-11T17:30:00.000Z,2026-09-11T20:32:07.986Z
PR-00012,ORD-1003,PROD-CALIPER,EQ-WELD-1,LOT-PROD-CALIPER-12,2,112,5,2026-09-12T01:30:00.000Z,2026-09-12T04:45:29.368Z
PR-00013,ORD-1006,PROD-CALIPER,EQ-PAINT-1,LOT-PROD-CALIPER-13,3,136,3,2026-09-11T18:40:00.000Z,2026-09-11T20:39:31.448Z
PR-00014,ORD-1003,PROD-CALIPER,EQ-PAINT-1,LOT-PROD-CALIPER-14,3,147,2,2026-09-12T02:40:00.000Z,2026-09-12T04:47:21.252Z
PR-00015,ORD-1001,PROD-BRAKE-PAD,EQ-STAMP-1,LOT-PROD-BRAKE-PAD-15,1,150,4,2026-09-12T14:00:00.000Z,2026-09-12T17:02:53.983Z
PR-00016,ORD-1004,PROD-BRAKE-PAD,EQ-STAMP-1,LOT-PROD-BRAKE-PAD-16,1,162,3,2026-09-12T22:00:00.000Z,2026-09-13T01:16:31.975Z
PR-00017,ORD-1007,PROD-BRAKE-PAD,EQ-PAINT-1,LOT-PROD-BRAKE-PAD-17,2,170,2,2026-09-12T14:00:00.000Z,2026-09-12T16:02:58.733Z
PR-00018,ORD-1001,PROD-BRAKE-PAD,EQ-PAINT-1,LOT-PROD-BRAKE-PAD-18,2,179,1,2026-09-12T22:00:00.000Z,2026-09-13T00:08:14.282Z
PR-00019,ORD-1005,PROD-ROTOR,EQ-WELD-1,LOT-PROD-ROTOR-19,1,100,4,2026-09-12T14:00:00.000Z,2026-09-12T17:17:59.078Z
PR-00020,ORD-1002,PROD-ROTOR,EQ-WELD-1,LOT-PROD-ROTOR-20,1,96,2,2026-09-12T22:00:00.000Z,2026-09-13T01:07:33.233Z
PR-00021,ORD-1005,PROD-ROTOR,EQ-PAINT-1,LOT-PROD-ROTOR-21,2,125,2,2026-09-12T16:20:00.000Z,2026-09-12T18:20:33.192Z
PR-00022,ORD-1002,PROD-ROTOR,EQ-PAINT-1,LOT-PROD-ROTOR-22,2,131,1,2026-09-13T00:20:00.000Z,2026-09-13T02:25:44.646Z
PR-00023,ORD-1006,PROD-CALIPER,EQ-STAMP-1,LOT-PROD-CALIPER-23,1,123,3,2026-09-12T17:30:00.000Z,2026-09-12T20:30:07.753Z
PR-00024,ORD-1003,PROD-CALIPER,EQ-STAMP-1,LOT-PROD-CALIPER-24,1,126,3,2026-09-13T01:30:00.000Z,2026-09-13T04:34:20.596Z
PR-00025,ORD-1006,PROD-CALIPER,EQ-WELD-1,LOT-PROD-CALIPER-25,2,110,4,2026-09-12T17:30:00.000Z,2026-09-12T20:39:25.598Z
PR-00026,ORD-1003,PROD-CALIPER,EQ-WELD-1,LOT-PROD-CALIPER-26,2,115,5,2026-09-13T01:30:00.000Z,2026-09-13T04:49:24.504Z
PR-00027,ORD-1006,PROD-CALIPER,EQ-PAINT-1,LOT-PROD-CALIPER-27,3,145,1,2026-09-12T18:40:00.000Z,2026-09-12T20:45:04.551Z
PR-00028,ORD-1003,PROD-CALIPER,EQ-PAINT-1,LOT-PROD-CALIPER-28,3,147,2,2026-09-13T02:40:00.000Z,2026-09-13T04:47:20.840Z
PR-00029,ORD-1007,PROD-BRAKE-PAD,EQ-STAMP-1,LOT-PROD-BRAKE-PAD-29,1,152,3,2026-09-13T14:00:00.000Z,2026-09-13T17:04:41.962Z
PR-00030,ORD-1001,PROD-BRAKE-PAD,EQ-STAMP-1,LOT-PROD-BRAKE-PAD-30,1,160,2,2026-09-13T22:00:00.000Z,2026-09-14T01:13:05.782Z
PR-00031,ORD-1004,PROD-BRAKE-PAD,EQ-PAINT-1,LOT-PROD-BRAKE-PAD-31,2,173,2,2026-09-13T14:00:00.000Z,2026-09-13T16:05:02.788Z
PR-00032,ORD-1007,PROD-BRAKE-PAD,EQ-PAINT-1,LOT-PROD-BRAKE-PAD-32,2,168,1,2026-09-13T22:00:00.000Z,2026-09-14T00:00:24.737Z
PR-00033,ORD-1005,PROD-ROTOR,EQ-WELD-1,LOT-PROD-ROTOR-33,1,100,2,2026-09-13T14:00:00.000Z,2026-09-13T17:15:00.287Z
PR-00034,ORD-1002,PROD-ROTOR,EQ-WELD-1,LOT-PROD-ROTOR-34,1,97,2,2026-09-13T22:00:00.000Z,2026-09-14T01:08:28.993Z
PR-00035,ORD-1005,PROD-ROTOR,EQ-PAINT-1,LOT-PROD-ROTOR-35,2,137,2,2026-09-13T16:20:00.000Z,2026-09-13T18:32:37.106Z
PR-00036,ORD-1002,PROD-ROTOR,EQ-PAINT-1,LOT-PROD-ROTOR-36,2,133,2,2026-09-14T00:20:00.000Z,2026-09-14T02:28:47.740Z
PR-00037,ORD-1006,PROD-CALIPER,EQ-STAMP-1,LOT-PROD-CALIPER-37,1,124,3,2026-09-13T17:30:00.000Z,2026-09-13T20:31:55.931Z
PR-00038,ORD-1003,PROD-CALIPER,EQ-STAMP-1,LOT-PROD-CALIPER-38,1,124,4,2026-09-14T01:30:00.000Z,2026-09-14T04:32:50.762Z
PR-00039,ORD-1006,PROD-CALIPER,EQ-WELD-1,LOT-PROD-CALIPER-39,2,107,4,2026-09-13T17:30:00.000Z,2026-09-13T20:35:21.236Z
PR-00040,ORD-1003,PROD-CALIPER,EQ-WELD-1,LOT-PROD-CALIPER-40,2,105,4,2026-09-14T01:30:00.000Z,2026-09-14T04:31:15.554Z
PR-00041,ORD-1006,PROD-CALIPER,EQ-PAINT-1,LOT-PROD-CALIPER-41,3,138,1,2026-09-13T18:40:00.000Z,2026-09-13T20:39:08.002Z
PR-00042,ORD-1003,PROD-CALIPER,EQ-PAINT-1,LOT-PROD-CALIPER-42,3,152,1,2026-09-14T02:40:00.000Z,2026-09-14T04:51:15.775Z
PR-00043,ORD-1004,PROD-BRAKE-PAD,EQ-STAMP-1,LOT-PROD-BRAKE-PAD-43,1,158,3,2026-09-14T14:00:00.000Z,2026-09-14T17:11:10.955Z
PR-00044,ORD-1007,PROD-BRAKE-PAD,EQ-STAMP-1,LOT-PROD-BRAKE-PAD-44,1,149,2,2026-09-14T22:00:00.000Z,2026-09-15T00:59:29.817Z
PR-00045,ORD-1001,PROD-BRAKE-PAD,EQ-PAINT-1,LOT-PROD-BRAKE-PAD-45,2,170,2,2026-09-14T14:00:00.000Z,2026-09-14T16:03:04.853Z
PR-00046,ORD-1004,PROD-BRAKE-PAD,EQ-PAINT-1,LOT-PROD-BRAKE-PAD-46,2,164,3,2026-09-14T22:00:00.000Z,2026-09-14T23:59:24.449Z
PR-00047,ORD-1005,PROD-ROTOR,EQ-WELD-1,LOT-PROD-ROTOR-47,1,98,2,2026-09-14T14:00:00.000Z,2026-09-14T17:10:31.163Z
PR-00048,ORD-1002,PROD-ROTOR,EQ-WELD-1,LOT-PROD-ROTOR-48,1,93,3,2026-09-14T22:00:00.000Z,2026-09-15T01:02:05.250Z
PR-00049,ORD-1005,PROD-ROTOR,EQ-PAINT-1,LOT-PROD-ROTOR-49,2,130,1,2026-09-14T16:20:00.000Z,2026-09-14T18:24:31.511Z
PR-00050,ORD-1002,PROD-ROTOR,EQ-PAINT-1,LOT-PROD-ROTOR-50,2,133,2,2026-09-15T00:20:00.000Z,2026-09-15T02:28:36.354Z
PR-00051,ORD-1006,PROD-CALIPER,EQ-STAMP-1,LOT-PROD-CALIPER-51,1,133,5,2026-09-14T17:30:00.000Z,2026-09-14T20:47:18.508Z
PR-00052,ORD-1003,PROD-CALIPER,EQ-STAMP-1,LOT-PROD-CALIPER-52,1,130,4,2026-09-15T01:30:00.000Z,2026-09-15T04:41:19.695Z
PR-00053,ORD-1006,PROD-CALIPER,EQ-WELD-1,LOT-PROD-CALIPER-53,2,105,5,2026-09-14T17:30:00.000Z,2026-09-14T20:33:26.612Z
PR-00054,ORD-1003,PROD-CALIPER,EQ-WELD-1,LOT-PROD-CALIPER-54,2,107,4,2026-09-15T01:30:00.000Z,2026-09-15T04:35:13.912Z
PR-00055,ORD-1006,PROD-CALIPER,EQ-PAINT-1,LOT-PROD-CALIPER-55,3,141,1,2026-09-14T18:40:00.000Z,2026-09-14T20:41:22.215Z
PR-00056,ORD-1003,PROD-CALIPER,EQ-PAINT-1,LOT-PROD-CALIPER-56,3,139,2,2026-09-15T02:40:00.000Z,2026-09-15T04:40:44.926Z
PR-00057,ORD-1001,PROD-BRAKE-PAD,EQ-STAMP-1,LOT-PROD-BRAKE-PAD-57,1,156,4,2026-09-15T14:00:00.000Z,2026-09-15T17:10:37.695Z
PR-00058,ORD-1004,PROD-BRAKE-PAD,EQ-STAMP-1,LOT-PROD-BRAKE-PAD-58,1,155,2,2026-09-15T22:00:00.000Z,2026-09-16T01:06:28.711Z
PR-00059,ORD-1007,PROD-BRAKE-PAD,EQ-PAINT-1,LOT-PROD-BRAKE-PAD-59,2,181,2,2026-09-15T14:00:00.000Z,2026-09-15T16:10:21.827Z
PR-00060,ORD-1001,PROD-BRAKE-PAD,EQ-PAINT-1,LOT-PROD-BRAKE-PAD-60,2,182,2,2026-09-15T22:00:00.000Z,2026-09-16T00:11:08.809Z
PR-00061,ORD-1005,PROD-ROTOR,EQ-WELD-1,LOT-PROD-ROTOR-61,1,101,3,2026-09-15T14:00:00.000Z,2026-09-15T17:17:17.077Z
PR-00062,ORD-1002,PROD-ROTOR,EQ-WELD-1,LOT-PROD-ROTOR-62,1,99,2,2026-09-15T22:00:00.000Z,2026-09-16T01:11:29.617Z
PR-00063,ORD-1005,PROD-ROTOR,EQ-PAINT-1,LOT-PROD-ROTOR-63,2,130,1,2026-09-15T16:20:00.000Z,2026-09-15T18:24:27.300Z
PR-00064,ORD-1002,PROD-ROTOR,EQ-PAINT-1,LOT-PROD-ROTOR-64,2,131,1,2026-09-16T00:20:00.000Z,2026-09-16T02:25:53.279Z
PR-00065,ORD-1006,PROD-CALIPER,EQ-STAMP-1,LOT-PROD-CALIPER-65,1,131,5,2026-09-15T17:30:00.000Z,2026-09-15T20:44:06.962Z
PR-00066,ORD-1003,PROD-CALIPER,EQ-STAMP-1,LOT-PROD-CALIPER-66,1,123,4,2026-09-16T01:30:00.000Z,2026-09-16T04:32:03.319Z
PR-00067,ORD-1006,PROD-CALIPER,EQ-WELD-1,LOT-PROD-CALIPER-67,2,113,4,2026-09-15T17:30:00.000Z,2026-09-15T20:44:28.607Z
PR-00068,ORD-1003,PROD-CALIPER,EQ-WELD-1,LOT-PROD-CALIPER-68,2,111,4,2026-09-16T01:30:00.000Z,2026-09-16T04:41:45.833Z
PR-00069,ORD-1006,PROD-CALIPER,EQ-PAINT-1,LOT-PROD-CALIPER-69,3,147,2,2026-09-15T18:40:00.000Z,2026-09-15T20:47:23.486Z
PR-00070,ORD-1003,PROD-CALIPER,EQ-PAINT-1,LOT-PROD-CALIPER-70,3,152,1,2026-09-16T02:40:00.000Z,2026-09-16T04:51:17.839Z
PR-00071,ORD-1007,PROD-BRAKE-PAD,EQ-STAMP-1,LOT-PROD-BRAKE-PAD-71,1,163,3,2026-09-16T14:00:00.000Z,2026-09-16T17:18:11.290Z
PR-00072,ORD-1001,PROD-BRAKE-PAD,EQ-STAMP-1,LOT-PROD-BRAKE-PAD-72,1,161,4,2026-09-16T22:00:00.000Z,2026-09-17T01:16:14.284Z
PR-00073,ORD-1004,PROD-BRAKE-PAD,EQ-PAINT-1,LOT-PROD-BRAKE-PAD-73,2,164,3,2026-09-16T14:00:00.000Z,2026-09-16T15:59:16.774Z
PR-00074,ORD-1007,PROD-BRAKE-PAD,EQ-PAINT-1,LOT-PROD-BRAKE-PAD-74,2,180,1,2026-09-16T22:00:00.000Z,2026-09-17T00:09:10.146Z
PR-00075,ORD-1005,PROD-ROTOR,EQ-WELD-1,LOT-PROD-ROTOR-75,1,96,3,2026-09-16T14:00:00.000Z,2026-09-16T17:08:17.472Z
PR-00076,ORD-1002,PROD-ROTOR,EQ-WELD-1,LOT-PROD-ROTOR-76,1,93,4,2026-09-16T22:00:00.000Z,2026-09-17T01:04:14.107Z
PR-00077,ORD-1005,PROD-ROTOR,EQ-PAINT-1,LOT-PROD-ROTOR-77,2,128,1,2026-09-16T16:20:00.000Z,2026-09-16T18:23:04.427Z
PR-00078,ORD-1002,PROD-ROTOR,EQ-PAINT-1,LOT-PROD-ROTOR-78,2,134,1,2026-09-17T00:20:00.000Z,2026-09-17T02:29:01.751Z
PR-00079,ORD-1006,PROD-CALIPER,EQ-STAMP-1,LOT-PROD-CALIPER-79,1,125,3,2026-09-16T17:30:00.000Z,2026-09-16T20:32:36.865Z
PR-00080,ORD-1003,PROD-CALIPER,EQ-STAMP-1,LOT-PROD-CALIPER-80,1,127,4,2026-09-17T01:30:00.000Z,2026-09-17T04:37:48.865Z
PR-00081,ORD-1006,PROD-CALIPER,EQ-WELD-1,LOT-PROD-CALIPER-81,2,107,5,2026-09-16T17:30:00.000Z,2026-09-16T20:37:25.567Z
PR-00082,ORD-1003,PROD-CALIPER,EQ-WELD-1,LOT-PROD-CALIPER-82,2,105,4,2026-09-17T01:30:00.000Z,2026-09-17T04:31:36.033Z
PR-00083,ORD-1006,PROD-CALIPER,EQ-PAINT-1,LOT-PROD-CALIPER-83,3,146,1,2026-09-16T18:40:00.000Z,2026-09-16T20:46:25.668Z
PR-00084,ORD-1003,PROD-CALIPER,EQ-PAINT-1,LOT-PROD-CALIPER-84,3,143,3,2026-09-17T02:40:00.000Z,2026-09-17T04:45:07.239Z
PR-00085,ORD-1004,PROD-BRAKE-PAD,EQ-STAMP-1,LOT-PROD-BRAKE-PAD-85,1,151,2,2026-09-17T14:00:00.000Z,2026-09-17T17:01:36.703Z
PR-00086,ORD-1007,PROD-BRAKE-PAD,EQ-STAMP-1,LOT-PROD-BRAKE-PAD-86,1,161,4,2026-09-17T22:00:00.000Z,2026-09-18T01:16:47.025Z
PR-00087,ORD-1001,PROD-BRAKE-PAD,EQ-PAINT-1,LOT-PROD-BRAKE-PAD-87,2,168,1,2026-09-17T14:00:00.000Z,2026-09-17T16:00:22.984Z
PR-00088,ORD-1004,PROD-BRAKE-PAD,EQ-PAINT-1,LOT-PROD-BRAKE-PAD-88,2,171,3,2026-09-17T22:00:00.000Z,2026-09-18T00:04:11.313Z
PR-00089,ORD-1005,PROD-ROTOR,EQ-WELD-1,LOT-PROD-ROTOR-89,1,96,4,2026-09-17T14:00:00.000Z,2026-09-17T17:10:20.703Z
PR-00090,ORD-1002,PROD-ROTOR,EQ-WELD-1,LOT-PROD-ROTOR-90,1,99,3,2026-09-17T22:00:00.000Z,2026-09-18T01:14:15.136Z
PR-00091,ORD-1005,PROD-ROTOR,EQ-PAINT-1,LOT-PROD-ROTOR-91,2,132,1,2026-09-17T16:20:00.000Z,2026-09-17T18:26:40.998Z
PR-00092,ORD-1002,PROD-ROTOR,EQ-PAINT-1,LOT-PROD-ROTOR-92,2,126,2,2026-09-18T00:20:00.000Z,2026-09-18T02:21:28.539Z
PR-00093,ORD-1006,PROD-CALIPER,EQ-STAMP-1,LOT-PROD-CALIPER-93,1,122,4,2026-09-17T17:30:00.000Z,2026-09-17T20:29:45.063Z
PR-00094,ORD-1003,PROD-CALIPER,EQ-STAMP-1,LOT-PROD-CALIPER-94,1,131,4,2026-09-18T01:30:00.000Z,2026-09-18T04:42:32.139Z
PR-00095,ORD-1006,PROD-CALIPER,EQ-WELD-1,LOT-PROD-CALIPER-95,2,102,5,2026-09-17T17:30:00.000Z,2026-09-17T20:28:57.887Z
PR-00096,ORD-1003,PROD-CALIPER,EQ-WELD-1,LOT-PROD-CALIPER-96,2,107,4,2026-09-18T01:30:00.000Z,2026-09-18T04:34:28.005Z
PR-00097,ORD-1006,PROD-CALIPER,EQ-PAINT-1,LOT-PROD-CALIPER-97,3,141,1,2026-09-17T18:40:00.000Z,2026-09-17T20:41:52.171Z
PR-00098,ORD-1003,PROD-CALIPER,EQ-PAINT-1,LOT-PROD-CALIPER-98,3,142,1,2026-09-18T02:40:00.000Z,2026-09-18T04:42:43.652Z
PR-00099,ORD-1001,PROD-BRAKE-PAD,EQ-STAMP-1,LOT-PROD-BRAKE-PAD-99,1,163,3,2026-09-18T14:00:00.000Z,2026-09-18T17:18:08.536Z
PR-00100,ORD-1004,PROD-BRAKE-PAD,EQ-STAMP-1,LOT-PROD-BRAKE-PAD-100,1,160,4,2026-09-18T22:00:00.000Z,2026-09-19T01:15:30.496Z
PR-00101,ORD-1007,PROD-BRAKE-PAD,EQ-PAINT-1,LOT-PROD-BRAKE-PAD-101,2,179,2,2026-09-18T14:00:00.000Z,2026-09-18T16:09:30.210Z
PR-00102,ORD-1001,PROD-BRAKE-PAD,EQ-PAINT-1,LOT-PROD-BRAKE-PAD-102,2,175,2,2026-09-18T22:00:00.000Z,2026-09-19T00:06:45.600Z
PR-00103,ORD-1005,PROD-ROTOR,EQ-WELD-1,LOT-PROD-ROTOR-103,1,102,3,2026-09-18T14:00:00.000Z,2026-09-18T17:19:10.236Z
PR-00104,ORD-1002,PROD-ROTOR,EQ-WELD-1,LOT-PROD-ROTOR-104,1,98,3,2026-09-18T22:00:00.000Z,2026-09-19T01:11:45.757Z
PR-00105,ORD-1005,PROD-ROTOR,EQ-PAINT-1,LOT-PROD-ROTOR-105,2,130,1,2026-09-18T16:20:00.000Z,2026-09-18T18:24:24.952Z
PR-00106,ORD-1002,PROD-ROTOR,EQ-PAINT-1,LOT-PROD-ROTOR-106,2,136,2,2026-09-19T00:20:00.000Z,2026-09-19T02:31:19.093Z
PR-00107,ORD-1006,PROD-CALIPER,EQ-STAMP-1,LOT-PROD-CALIPER-107,1,130,3,2026-09-18T17:30:00.000Z,2026-09-18T20:39:41.404Z
PR-00108,ORD-1003,PROD-CALIPER,EQ-STAMP-1,LOT-PROD-CALIPER-108,1,134,4,2026-09-19T01:30:00.000Z,2026-09-19T04:46:43.346Z
PR-00109,ORD-1006,PROD-CALIPER,EQ-WELD-1,LOT-PROD-CALIPER-109,2,91,20,2026-09-18T17:30:00.000Z,2026-09-18T20:34:31.292Z
PR-00110,ORD-1003,PROD-CALIPER,EQ-WELD-1,LOT-PROD-CALIPER-110,2,98,21,2026-09-19T01:30:00.000Z,2026-09-19T04:48:41.418Z
PR-00111,ORD-1006,PROD-CALIPER,EQ-PAINT-1,LOT-PROD-CALIPER-111,3,145,2,2026-09-18T18:40:00.000Z,2026-09-18T20:45:48.781Z
PR-00112,ORD-1003,PROD-CALIPER,EQ-PAINT-1,LOT-PROD-CALIPER-112,3,150,1,2026-09-19T02:40:00.000Z,2026-09-19T04:49:47.816Z
PR-00113,ORD-1007,PROD-BRAKE-PAD,EQ-STAMP-1,LOT-PROD-BRAKE-PAD-113,1,151,2,2026-09-19T14:00:00.000Z,2026-09-19T17:02:24.221Z
PR-00114,ORD-1001,PROD-BRAKE-PAD,EQ-STAMP-1,LOT-PROD-BRAKE-PAD-114,1,157,3,2026-09-19T22:00:00.000Z,2026-09-20T01:09:56.363Z
PR-00115,ORD-1004,PROD-BRAKE-PAD,EQ-PAINT-1,LOT-PROD-BRAKE-PAD-115,2,175,1,2026-09-19T14:00:00.000Z,2026-09-19T16:05:59.921Z
PR-00116,ORD-1007,PROD-BRAKE-PAD,EQ-PAINT-1,LOT-PROD-BRAKE-PAD-116,2,173,2,2026-09-19T22:00:00.000Z,2026-09-20T00:04:53.744Z
PR-00117,ORD-1005,PROD-ROTOR,EQ-WELD-1,LOT-PROD-ROTOR-117,1,99,3,2026-09-19T14:00:00.000Z,2026-09-19T17:13:33.763Z
PR-00118,ORD-1002,PROD-ROTOR,EQ-WELD-1,LOT-PROD-ROTOR-118,1,92,4,2026-09-19T22:00:00.000Z,2026-09-20T01:02:01.166Z
PR-00119,ORD-1005,PROD-ROTOR,EQ-PAINT-1,LOT-PROD-ROTOR-119,2,129,1,2026-09-19T16:20:00.000Z,2026-09-19T18:24:15.299Z
PR-00120,ORD-1002,PROD-ROTOR,EQ-PAINT-1,LOT-PROD-ROTOR-120,2,133,2,2026-09-20T00:20:00.000Z,2026-09-20T02:28:34.013Z
PR-00121,ORD-1006,PROD-CALIPER,EQ-STAMP-1,LOT-PROD-CALIPER-121,1,126,3,2026-09-19T17:30:00.000Z,2026-09-19T20:34:10.538Z
PR-00122,ORD-1003,PROD-CALIPER,EQ-STAMP-1,LOT-PROD-CALIPER-122,1,134,4,2026-09-20T01:30:00.000Z,2026-09-20T04:46:28.644Z
PR-00123,ORD-1006,PROD-CALIPER,EQ-WELD-1,LOT-PROD-CALIPER-123,2,113,5,2026-09-19T17:30:00.000Z,2026-09-19T20:47:09.057Z
PR-00124,ORD-1003,PROD-CALIPER,EQ-WELD-1,LOT-PROD-CALIPER-124,2,110,5,2026-09-20T01:30:00.000Z,2026-09-20T04:41:40.295Z
PR-00125,ORD-1006,PROD-CALIPER,EQ-PAINT-1,LOT-PROD-CALIPER-125,3,141,2,2026-09-19T18:40:00.000Z,2026-09-19T20:42:54.135Z
PR-00126,ORD-1003,PROD-CALIPER,EQ-PAINT-1,LOT-PROD-CALIPER-126,3,145,2,2026-09-20T02:40:00.000Z,2026-09-20T04:46:16.001Z
PR-00127,ORD-1004,PROD-BRAKE-PAD,EQ-STAMP-1,LOT-PROD-BRAKE-PAD-127,1,150,2,2026-09-20T14:00:00.000Z,2026-09-20T17:00:47.438Z
PR-00128,ORD-1007,PROD-BRAKE-PAD,EQ-STAMP-1,LOT-PROD-BRAKE-PAD-128,1,161,5,2026-09-20T22:00:00.000Z,2026-09-21T01:17:47.454Z
PR-00129,ORD-1001,PROD-BRAKE-PAD,EQ-PAINT-1,LOT-PROD-BRAKE-PAD-129,2,165,2,2026-09-20T14:00:00.000Z,2026-09-20T15:59:27.851Z
PR-00130,ORD-1004,PROD-BRAKE-PAD,EQ-PAINT-1,LOT-PROD-BRAKE-PAD-130,2,170,1,2026-09-20T22:00:00.000Z,2026-09-21T00:02:13.140Z
PR-00131,ORD-1005,PROD-ROTOR,EQ-WELD-1,LOT-PROD-ROTOR-131,1,100,3,2026-09-20T14:00:00.000Z,2026-09-20T17:16:08.405Z
PR-00132,ORD-1002,PROD-ROTOR,EQ-WELD-1,LOT-PROD-ROTOR-132,1,92,2,2026-09-20T22:00:00.000Z,2026-09-21T00:59:10.422Z
PR-00133,ORD-1005,PROD-ROTOR,EQ-PAINT-1,LOT-PROD-ROTOR-133,2,128,2,2026-09-20T16:20:00.000Z,2026-09-20T18:24:15.738Z
PR-00134,ORD-1002,PROD-ROTOR,EQ-PAINT-1,LOT-PROD-ROTOR-134,2,130,2,2026-09-21T00:20:00.000Z,2026-09-21T02:26:04.263Z
PR-00135,ORD-1006,PROD-CALIPER,EQ-STAMP-1,LOT-PROD-CALIPER-135,1,132,4,2026-09-20T17:30:00.000Z,2026-09-20T20:44:43.418Z
PR-00136,ORD-1003,PROD-CALIPER,EQ-STAMP-1,LOT-PROD-CALIPER-136,1,133,4,2026-09-21T01:30:00.000Z,2026-09-21T04:45:08.072Z
PR-00137,ORD-1006,PROD-CALIPER,EQ-WELD-1,LOT-PROD-CALIPER-137,2,104,5,2026-09-20T17:30:00.000Z,2026-09-20T20:32:11.025Z
PR-00138,ORD-1003,PROD-CALIPER,EQ-WELD-1,LOT-PROD-CALIPER-138,2,111,5,2026-09-21T01:30:00.000Z,2026-09-21T04:42:40.019Z
PR-00139,ORD-1006,PROD-CALIPER,EQ-PAINT-1,LOT-PROD-CALIPER-139,3,141,2,2026-09-20T18:40:00.000Z,2026-09-20T20:42:22.690Z
PR-00140,ORD-1003,PROD-CALIPER,EQ-PAINT-1,LOT-PROD-CALIPER-140,3,148,1,2026-09-21T02:40:00.000Z,2026-09-21T04:47:26.341Z
