id,material_id,factory_id,movement_type,qty,movement_ts,source_ref
SM-CONS-PR-00001-MAT-STEEL-COIL,MAT-STEEL-COIL,FAC-1,consumption,64.4,2026-09-11T17:11:07.390Z,PR-00001
SM-CONS-PR-00001-MAT-FRICTION-COMPOUND,MAT-FRICTION-COMPOUND,FAC-1,consumption,32.2,2026-09-11T17:11:07.390Z,PR-00001
SM-CONS-PR-00001-MAT-PAINT,MAT-PAINT,FAC-1,consumption,8.05,2026-09-11T17:11:07.390Z,PR-00001
SM-CONS-PR-00002-MAT-STEEL-COIL,MAT-STEEL-COIL,FAC-1,consumption,64.8,2026-09-12T01:12:33.864Z,PR-00002
SM-CONS-PR-00002-MAT-FRICTION-COMPOUND,MAT-FRICTION-COMPOUND,FAC-1,consumption,32.4,2026-09-12T01:12:33.864Z,PR-00002
SM-CONS-PR-00002-MAT-PAINT,MAT-PAINT,FAC-1,consumption,8.1,2026-09-12T01:12:33.864Z,PR-00002
SM-CONS-PR-00005-MAT-STEEL-COIL,MAT-STEEL-COIL,FAC-1,consumption,122.4,2026-09-11T17:14:09.629Z,PR-00005
SM-CONS-PR-00005-MAT-PAINT,MAT-PAINT,FAC-1,consumption,8.16,2026-09-11T17:14:09.629Z,PR-00005
SM-CONS-PR-00006-MAT-STEEL-COIL,MAT-STEEL-COIL,FAC-1,consumption,118.8,2026-09-12T01:09:00.919Z,PR-00006
SM-CONS-PR-00006-MAT-PAINT,MAT-PAINT,FAC-1,consumption,7.92,2026-09-12T01:09:00.919Z,PR-00006
SM-CONS-PR-00009-MAT-STEEL-COIL,MAT-STEEL-COIL,FAC-1,consumption,116.1,2026-09-11T20:34:06.364Z,PR-00009
SM-CONS-PR-00009-MAT-FASTENER-KIT,MAT-FASTENER-KIT,FAC-1,consumption,129,2026-09-11T20:34:06.364Z,PR-00009
SM-CONS-PR-00009-MAT-PAINT,MAT-PAINT,FAC-1,consumption,7.74,2026-09-11T20:34:06.364Z,PR-00009
SM-CONS-PR-00010-MAT-STEEL-COIL,MAT-STEEL-COIL,FAC-1,consumption,122.4,2026-09-12T04:44:57.269Z,PR-00010
SM-CONS-PR-00010-MAT-FASTENER-KIT,MAT-FASTENER-KIT,FAC-1,consumption,136,2026-09-12T04:44:57.269Z,PR-00010
SM-CONS-PR-00010-MAT-PAINT,MAT-PAINT,FAC-1,consumption,8.16,2026-09-12T04:44:57.269Z,PR-00010
SM-CONS-PR-00015-MAT-STEEL-COIL,MAT-STEEL-COIL,FAC-1,consumption,61.6,2026-09-12T17:02:53.983Z,PR-00015
SM-CONS-PR-00015-MAT-FRICTION-COMPOUND,MAT-FRICTION-COMPOUND,FAC-1,consumption,30.8,2026-09-12T17:02:53.983Z,PR-00015
SM-CONS-PR-00015-MAT-PAINT,MAT-PAINT,FAC-1,consumption,7.7,2026-09-12T17:02:53.983Z,PR-00015
SM-CONS-PR-00016-MAT-STEEL-COIL,MAT-STEEL-COIL,FAC-1,consumption,66,2026-09-13T01:16:31.975Z,PR-00016
SM-CONS-PR-00016-MAT-FRICTION-COMPOUND,MAT-FRICTION-COMPOUND,FAC-1,consumption,33,2026-09-13T01:16:31.975Z,PR-00016
SM-CONS-PR-00016-MAT-PAINT,MAT-PAINT,FAC-1,consumption,8.25,2026-09-13T01:16:31.975Z,PR-00016
SM-CONS-PR-00019-MAT-STEEL-COIL,MAT-STEEL-COIL,FAC-1,consumption,124.8,2026-09-12T17:17:59.078Z,PR-00019
SM-CONS-PR-00019-MAT-PAINT,MAT-PAINT,FAC-1,consumption,8.32,2026-09-12T17:17:59.078Z,PR-00019
SM-CONS-PR-00020-MAT-STEEL-COIL,MAT-STEEL-COIL,FAC-1,consumption,117.6,2026-09-13T01:07:33.233Z,PR-00020
SM-CONS-PR-00020-MAT-PAINT,MAT-PAINT,FAC-1,consumption,7.84,2026-09-13T01:07:33.233Z,PR-00020
SM-CONS-PR-00023-MAT-STEEL-COIL,MAT-STEEL-COIL,FAC-1,consumption,113.4,2026-09-12T20:30:07.753Z,PR-00023
SM-CONS-PR-00023-MAT-FASTENER-KIT,MAT-FASTENER-KIT,FAC-1,consumption,126,2026-09-12T20:30:07.753Z,PR-00023
SM-CONS-PR-00023-MAT-PAINT,MAT-PAINT,FAC-1,consumption,7.56,2026-09-12T20:30:07.753Z,PR-00023
SM-CONS-PR-00024-MAT-STEEL-COIL,MAT-STEEL-COIL,FAC-1,consumption,116.1,2026-09-13T04:34:20.596Z,PR-00024
SM-CONS-PR-00024-MAT-FASTENER-KIT,MAT-FASTENER-KIT,FAC-1,consumption,129,2026-09-13T04:34:20.596Z,PR-00024
SM-CONS-PR-00024-MAT-PAINT,MAT-PAINT,FAC-1,consumption,7.74,2026-09-13T04:34:20.596Z,PR-00024
SM-CONS-PR-00029-MAT-STEEL-COIL,MAT-STEEL-COIL,FAC-1,consumption,62,2026-09-13T17:04:41.962Z,PR-00029
SM-CONS-PR-00029-MAT-FRICTION-COMPOUND,MAT-FRICTION-COMPOUND,FAC-1,consumption,31,2026-09-13T17:04:41.962Z,PR-00029
SM-CONS-PR-00029-MAT-PAINT,MAT-PAINT,FAC-1,consumption,7.75,2026-09-13T17:04:41.962Z,PR-00029
SM-CONS-PR-00030-MAT-STEEL-COIL,MAT-STEEL-COIL,FAC-1,consumption,64.8,2026-09-14T01:13:05.782Z,PR-00030
SM-CONS-PR-00030-MAT-FRICTION-COMPOUND,MAT-FRICTION-COMPOUND,FAC-1,consumption,32.4,2026-09-14T01:13:05.782Z,PR-00030
SM-CONS-PR-00030-MAT-PAINT,MAT-PAINT,FAC-1,consumption,8.1,2026-09-14T01:13:05.782Z,PR-00030
SM-CONS-PR-00033-MAT-STEEL-COIL,MAT-STEEL-COIL,FAC-1,consumption,122.4,2026-09-13T17:15:00.287Z,PR-00033
SM-CONS-PR-00033-MAT-PAINT,MAT-PAINT,FAC-1,consumption,8.16,2026-09-13T17:15:00.287Z,PR-00033
SM-CONS-PR-00034-MAT-STEEL-COIL,MAT-STEEL-COIL,FAC-1,consumption,118.8,2026-09-14T01:08:28.993Z,PR-00034
SM-CONS-PR-00034-MAT-PAINT,MAT-PAINT,FAC-1,consumption,7.92,2026-09-14T01:08:28.993Z,PR-00034
SM-CONS-PR-00037-MAT-STEEL-COIL,MAT-STEEL-COIL,FAC-1,consumption,114.3,2026-09-13T20:31:55.931Z,PR-00037
SM-CONS-PR-00037-MAT-FASTENER-KIT,MAT-FASTENER-KIT,FAC-1,consumption,127,2026-09-13T20:31:55.931Z,PR-00037
SM-CONS-PR-00037-MAT-PAINT,MAT-PAINT,FAC-1,consumption,7.62,2026-09-13T20:31:55.931Z,PR-00037
SM-CONS-PR-00038-MAT-STEEL-COIL,MAT-STEEL-COIL,FAC-1,consumption,115.2,2026-09-14T04:32:50.762Z,PR-00038
SM-CONS-PR-00038-MAT-FASTENER-KIT,MAT-FASTENER-KIT,FAC-1,consumption,128,2026-09-14T04:32:50.762Z,PR-00038
SM-CONS-PR-00038-MAT-PAINT,MAT-PAINT,FAC-1,consumption,7.68,2026-09-14T04:32:50.762Z,PR-00038
SM-CONS-PR-00043-MAT-STEEL-COIL,MAT-STEEL-COIL,FAC-1,consumption,64.4,2026-09-14T17:11:10.955Z,PR-00043
SM-CONS-PR-00043-MAT-FRICTION-COMPOUND,MAT-FRICTION-COMPOUND,FAC-1,consumption,32.2,2026-09-14T17:11:10.955Z,PR-00043
SM-CONS-PR-00043-MAT-PAINT,MAT-PAINT,FAC-1,consumption,8.05,2026-09-14T17:11:10.955Z,PR-00043
SM-CONS-PR-00044-MAT-STEEL-COIL,MAT-STEEL-COIL,FAC-1,consumption,60.4,2026-09-15T00:59:29.817Z,PR-00044
SM-CONS-PR-00044-MAT-FRICTION-COMPOUND,MAT-FRICTION-COMPOUND,FAC-1,consumption,30.2,2026-09-15T00:59:29.817Z,PR-00044
SM-CONS-PR-00044-MAT-PAINT,MAT-PAINT,FAC-1,consumption,7.55,2026-09-15T00:59:29.817Z,PR-00044
SM-CONS-PR-00047-MAT-STEEL-COIL,MAT-STEEL-COIL,FAC-1,consumption,120,2026-09-14T17:10:31.163Z,PR-00047
SM-CONS-PR-00047-MAT-PAINT,MAT-PAINT,FAC-1,consumption,8,2026-09-14T17:10:31.163Z,PR-00047
SM-CONS-PR-00048-MAT-STEEL-COIL,MAT-STEEL-COIL,FAC-1,consumption,115.2,2026-09-15T01:02:05.250Z,PR-00048
SM-CONS-PR-00048-MAT-PAINT,MAT-PAINT,FAC-1,consumption,7.68,2026-09-15T01:02:05.250Z,PR-00048
SM-CONS-PR-00051-MAT-STEEL-COIL,MAT-STEEL-COIL,FAC-1,consumption,124.2,2026-09-14T20:47:18.508Z,PR-00051
SM-CONS-PR-00051-MAT-FASTENER-KIT,MAT-FASTENER-KIT,FAC-1,consumption,138,2026-09-14T20:47:18.508Z,PR-00051
SM-CONS-PR-00051-MAT-PAINT,MAT-PAINT,FAC-1,consumption,8.28,2026-09-14T20:47:18.508Z,PR-00051
SM-CONS-PR-00052-MAT-STEEL-COIL,MAT-STEEL-COIL,FAC-1,consumption,120.6,2026-09-15T04:41:19.695Z,PR-00052
SM-CONS-PR-00052-MAT-FASTENER-KIT,MAT-FASTENER-KIT,FAC-1,consumption,134,2026-09-15T04:41:19.695Z,PR-00052
SM-CONS-PR-00052-MAT-PAINT,MAT-PAINT,FAC-1,consumption,8.04,2026-09-15T04:41:19.695Z,PR-00052
SM-CONS-PR-00057-MAT-STEEL-COIL,MAT-STEEL-COIL,FAC-1,consumption,64,2026-09-15T17:10:37.695Z,PR-00057
SM-CONS-PR-00057-MAT-FRICTION-COMPOUND,MAT-FRICTION-COMPOUND,FAC-1,consumption,32,2026-09-15T17:10:37.695Z,PR-00057
SM-CONS-PR-00057-MAT-PAINT,MAT-PAINT,FAC-1,consumption,8,2026-09-15T17:10:37.695Z,PR-00057
SM-CONS-PR-00058-MAT-STEEL-COIL,MAT-STEEL-COIL,FAC-1,consumption,62.8,2026-09-16T01:06:28.711Z,PR-00058
SM-CONS-PR-00058-MAT-FRICTION-COMPOUND,MAT-FRICTION-COMPOUND,FAC-1,consumption,31.4,2026-09-16T01:06:28.711Z,PR-00058
SM-CONS-PR-00058-MAT-PAINT,MAT-PAINT,FAC-1,consumption,7.85,2026-09-16T01:06:28.711Z,PR-00058
SM-CONS-PR-00061-MAT-STEEL-COIL,MAT-STEEL-COIL,FAC-1,consumption,124.8,2026-09-15T17:17:17.077Z,PR-00061
SM-CONS-PR-00061-MAT-PAINT,MAT-PAINT,FAC-1,consumption,8.32,2026-09-15T17:17:17.077Z,PR-00061
SM-CONS-PR-00062-MAT-STEEL-COIL,MAT-STEEL-COIL,FAC-1,consumption,121.2,2026-09-16T01:11:29.617Z,PR-00062
SM-CONS-PR-00062-MAT-PAINT,MAT-PAINT,FAC-1,consumption,8.08,2026-09-16T01:11:29.617Z,PR-00062
SM-CONS-PR-00065-MAT-STEEL-COIL,MAT-STEEL-COIL,FAC-1,consumption,122.4,2026-09-15T20:44:06.962Z,PR-00065
SM-CONS-PR-00065-MAT-FASTENER-KIT,MAT-FASTENER-KIT,FAC-1,consumption,136,2026-09-15T20:44:06.962Z,PR-00065
SM-CONS-PR-00065-MAT-PAINT,MAT-PAINT,FAC-1,consumption,8.16,2026-09-15T20:44:06.962Z,PR-00065
SM-CONS-PR-00066-MAT-STEEL-COIL,MAT-STEEL-COIL,FAC-1,consumption,114.3,2026-09-16T04:32:03.319Z,PR-00066
SM-CONS-PR-00066-MAT-FASTENER-KIT,MAT-FASTENER-KIT,FAC-1,consumption,127,2026-09-16T04:32:03.319Z,PR-00066
SM-CONS-PR-00066-MAT-PAINT,MAT-PAINT,FAC-1,consumption,7.62,2026-09-16T04:32:03.319Z,PR-00066
SM-CONS-PR-00071-MAT-STEEL-COIL,MAT-STEEL-COIL,FAC-1,consumption,66.4,2026-09-16T17:18:11.290Z,PR-00071
SM-CONS-PR-00071-MAT-FRICTION-COMPOUND,MAT-FRICTION-COMPOUND,FAC-1,consumption,33.2,2026-09-16T17:18:11.290Z,PR-00071
SM-CONS-PR-00071-MAT-PAINT,MAT-PAINT,FAC-1,consumption,8.3,2026-09-16T17:18:11.290Z,PR-00071
SM-CONS-PR-00072-MAT-STEEL-COIL,MAT-STEEL-COIL,FAC-1,consumption,66,2026-09-17T01:16:14.284Z,PR-00072
SM-CONS-PR-00072-MAT-FRICTION-COMPOUND,MAT-FRICTION-COMPOUND,FAC-1,consumption,33,2026-09-17T01:16:14.284Z,PR-00072
SM-CONS-PR-00072-MAT-PAINT,MAT-PAINT,FAC-1,consumption,8.25,2026-09-17T01:16:14.284Z,PR-00072
SM-CONS-PR-00075-MAT-STEEL-COIL,MAT-STEEL-COIL,FAC-1,consumption,118.8,2026-09-16T17:08:17.472Z,PR-00075
SM-CONS-PR-00075-MAT-PAINT,MAT-PAINT,FAC-1,consumption,7.92,2026-09-16T17:08:17.472Z,PR-00075
SM-CONS-PR-00076-MAT-STEEL-COIL,MAT-STEEL-COIL,FAC-1,consumption,116.4,2026-09-17T01:04:14.107Z,PR-00076
SM-CONS-PR-00076-MAT-PAINT,MAT-PAINT,FAC-1,consumption,7.76,2026-09-17T01:04:14.107Z,PR-00076
SM-CONS-PR-00079-MAT-STEEL-COIL,MAT-STEEL-COIL,FAC-1,consumption,115.2,2026-09-16T20:32:36.865Z,PR-00079
SM-CONS-PR-00079-MAT-FASTENER-KIT,MAT-FASTENER-KIT,FAC-1,consumption,128,2026-09-16T20:32:36.865Z,PR-00079
SM-CONS-PR-00079-MAT-PAINT,MAT-PAINT,FAC-1,consumption,7.68,2026-09-16T20:32:36.865Z,PR-00079
SM-CONS-PR-00080-MAT-STEEL-COIL,MAT-STEEL-COIL,FAC-1,consumption,117.9,2026-09-17T04:37:48.865Z,PR-00080
SM-CONS-PR-00080-MAT-FASTENER-KIT,MAT-FASTENER-KIT,FAC-1,consumption,131,2026-09-17T04:37:48.865Z,PR-00080
SM-CONS-PR-00080-MAT-PAINT,MAT-PAINT,FAC-1,consumption,7.86,2026-09-17T04:37:48.865Z,PR-00080
SM-CONS-PR-00085-MAT-STEEL-COIL,MAT-STEEL-COIL,FAC-1,consumption,61.2,2026-09-17T17:01:36.703Z,PR-00085
SM-CONS-PR-00085-MAT-FRICTION-COMPOUND,MAT-FRICTION-COMPOUND,FAC-1,consumption,30.6,2026-09-17T17:01:36.703Z,PR-00085
SM-CONS-PR-00085-MAT-PAINT,MAT-PAINT,FAC-1,consumption,7.65,2026-09-17T17:01:36.703Z,PR-00085
SM-CONS-PR-00086-MAT-STEEL-COIL,MAT-STEEL-COIL,FAC-1,consumption,66,2026-09-18T01:16:47.025Z,PR-00086
SM-CONS-PR-00086-MAT-FRICTION-COMPOUND,MAT-FRICTION-COMPOUND,FAC-1,consumption,33,2026-09-18T01:16:47.025Z,PR-00086
SM-CONS-PR-00086-MAT-PAINT,MAT-PAINT,FAC-1,consumption,8.25,2026-09-18T01:16:47.025Z,PR-00086
SM-CONS-PR-00089-MAT-STEEL-COIL,MAT-STEEL-COIL,FAC-1,consumption,120,2026-09-17T17:10:20.703Z,PR-00089
SM-CONS-PR-00089-MAT-PAINT,MAT-PAINT,FAC-1,consumption,8,2026-09-17T17:10:20.703Z,PR-00089
SM-CONS-PR-00090-MAT-STEEL-COIL,MAT-STEEL-COIL,FAC-1,consumption,122.4,2026-09-18T01:14:15.136Z,PR-00090
SM-CONS-PR-00090-MAT-PAINT,MAT-PAINT,FAC-1,consumption,8.16,2026-09-18T01:14:15.136Z,PR-00090
SM-CONS-PR-00093-MAT-STEEL-COIL,MAT-STEEL-COIL,FAC-1,consumption,113.4,2026-09-17T20:29:45.063Z,PR-00093
SM-CONS-PR-00093-MAT-FASTENER-KIT,MAT-FASTENER-KIT,FAC-1,consumption,126,2026-09-17T20:29:45.063Z,PR-00093
SM-CONS-PR-00093-MAT-PAINT,MAT-PAINT,FAC-1,consumption,7.56,2026-09-17T20:29:45.063Z,PR-00093
SM-CONS-PR-00094-MAT-STEEL-COIL,MAT-STEEL-COIL,FAC-1,consumption,121.5,2026-09-18T04:42:32.139Z,PR-00094
SM-CONS-PR-00094-MAT-FASTENER-KIT,MAT-FASTENER-KIT,FAC-1,consumption,135,2026-09-18T04:42:32.139Z,PR-00094
SM-CONS-PR-00094-MAT-PAINT,MAT-PAINT,FAC-1,consumption,8.1,2026-09-18T04:42:32.139Z,PR-00094
SM-CONS-PR-00099-MAT-STEEL-COIL,MAT-STEEL-COIL,FAC-1,consumption,66.4,2026-09-18T17:18:08.536Z,PR-00099
SM-CONS-PR-00099-MAT-FRICTION-COMPOUND,MAT-FRICTION-COMPOUND,FAC-1,consumption,33.2,2026-09-18T17:18:08.536Z,PR-00099
SM-CONS-PR-00099-MAT-PAINT,MAT-PAINT,FAC-1,consumption,8.3,2026-09-18T17:18:08.536Z,PR-00099
SM-CONS-PR-00100-MAT-STEEL-COIL,MAT-STEEL-COIL,FAC-1,consumption,65.6,2026-09-19T01:15:30.496Z,PR-00100
SM-CONS-PR-00100-MAT-FRICTION-COMPOUND,MAT-FRICTION-COMPOUND,FAC-1,consumption,32.8,2026-09-19T01:15:30.496Z,PR-00100
SM-CONS-PR-00100-MAT-PAINT,MAT-PAINT,FAC-1,consumption,8.2,2026-09-19T01:15:30.496Z,PR-00100
SM-CONS-PR-00103-MAT-STEEL-COIL,MAT-STEEL-COIL,FAC-1,consumption,126,2026-09-18T17:19:10.236Z,PR-00103
SM-CONS-PR-00103-MAT-PAINT,MAT-PAINT,FAC-1,consumption,8.4,2026-09-18T17:19:10.236Z,PR-00103
SM-CONS-PR-00104-MAT-STEEL-COIL,MAT-STEEL-COIL,FAC-1,consumption,121.2,2026-09-19T01:11:45.757Z,PR-00104
SM-CONS-PR-00104-MAT-PAINT,MAT-PAINT,FAC-1,consumption,8.08,2026-09-19T01:11:45.757Z,PR-00104
SM-CONS-PR-00107-MAT-STEEL-COIL,MAT-STEEL-COIL,FAC-1,consumption,119.7,2026-09-18T20:39:41.404Z,PR-00107
SM-CONS-PR-00107-MAT-FASTENER-KIT,MAT-FASTENER-KIT,FAC-1,consumption,133,2026-09-18T20:39:41.404Z,PR-00107
SM-CONS-PR-00107-MAT-PAINT,MAT-PAINT,FAC-1,consumption,7.98,2026-09-18T20:39:41.404Z,PR-00107
SM-CONS-PR-00108-MAT-STEEL-COIL,MAT-STEEL-COIL,FAC-1,consumption,124.2,2026-09-19T04:46:43.346Z,PR-00108
SM-CONS-PR-00108-MAT-FASTENER-KIT,MAT-FASTENER-KIT,FAC-1,consumption,138,2026-09-19T04:46:43.346Z,PR-00108
SM-CONS-PR-00108-MAT-PAINT,MAT-PAINT,FAC-1,consumption,8.28,2026-09-19T04:46:43.346Z,PR-00108
SM-CONS-PR-00113-MAT-STEEL-COIL,MAT-STEEL-COIL,FAC-1,consumption,61.2,2026-09-19T17:02:24.221Z,PR-00113
SM-CONS-PR-00113-MAT-FRICTION-COMPOUND,MAT-FRICTION-COMPOUND,FAC-1,consumption,30.6,2026-09-19T17:02:24.221Z,PR-00113
SM-CONS-PR-00113-MAT-PAINT,MAT-PAINT,FAC-1,consumption,7.65,2026-09-19T17:02:24.221Z,PR-00113
SM-CONS-PR-00114-MAT-STEEL-COIL,MAT-STEEL-COIL,FAC-1,consumption,64,2026-09-20T01:09:56.363Z,PR-00114
SM-CONS-PR-00114-MAT-FRICTION-COMPOUND,MAT-FRICTION-COMPOUND,FAC-1,consumption,32,2026-09-20T01:09:56.363Z,PR-00114
SM-CONS-PR-00114-MAT-PAINT,MAT-PAINT,FAC-1,consumption,8,2026-09-20T01:09:56.363Z,PR-00114
SM-CONS-PR-00117-MAT-STEEL-COIL,MAT-STEEL-COIL,FAC-1,consumption,122.4,2026-09-19T17:13:33.763Z,PR-00117
SM-CONS-PR-00117-MAT-PAINT,MAT-PAINT,FAC-1,consumption,8.16,2026-09-19T17:13:33.763Z,PR-00117
SM-CONS-PR-00118-MAT-STEEL-COIL,MAT-STEEL-COIL,FAC-1,consumption,115.2,2026-09-20T01:02:01.166Z,PR-00118
SM-CONS-PR-00118-MAT-PAINT,MAT-PAINT,FAC-1,consumption,7.68,2026-09-20T01:02:01.166Z,PR-00118
SM-CONS-PR-00121-MAT-STEEL-COIL,MAT-STEEL-COIL,FAC-1,consumption,116.1,2026-09-19T20:34:10.538Z,PR-00121
SM-CONS-PR-00121-MAT-FASTENER-KIT,MAT-FASTENER-KIT,FAC-1,consumption,129,2026-09-19T20:34:10.538Z,PR-00121
SM-CONS-PR-00121-MAT-PAINT,MAT-PAINT,FAC-1,consumption,7.74,2026-09-19T20:34:10.538Z,PR-00121
SM-CONS-PR-00122-MAT-STEEL-COIL,MAT-STEEL-COIL,FAC-1,consumption,124.2,2026-09-20T04:46:28.644Z,PR-00122
SM-CONS-PR-00122-MAT-FASTENER-KIT,MAT-FASTENER-KIT,FAC-1,consumption,138,2026-09-20T04:46:28.644Z,PR-00122
SM-CONS-PR-00122-MAT-PAINT,MAT-PAINT,FAC-1,consumption,8.28,2026-09-20T04:46:28.644Z,PR-00122
SM-CONS-PR-00127-MAT-STEEL-COIL,MAT-STEEL-COIL,FAC-1,consumption,60.8,2026-09-20T17:00:47.438Z,PR-00127
SM-CONS-PR-00127-MAT-FRICTION-COMPOUND,MAT-FRICTION-COMPOUND,FAC-1,consumption,30.4,2026-09-20T17:00:47.438Z,PR-00127
SM-CONS-PR-00127-MAT-PAINT,MAT-PAINT,FAC-1,consumption,7.6,2026-09-20T17:00:47.438Z,PR-00127
SM-CONS-PR-00128-MAT-STEEL-COIL,MAT-STEEL-COIL,FAC-1,consumption,66.4,2026-09-21T01:17:47.454Z,PR-00128
SM-CONS-PR-00128-MAT-FRICTION-COMPOUND,MAT-FRICTION-COMPOUND,FAC-1,consumption,33.2,2026-09-21T01:17:47.454Z,PR-00128
SM-CONS-PR-00128-MAT-PAINT,MAT-PAINT,FAC-1,consumption,8.3,2026-09-21T01:17:47.454Z,PR-00128
SM-CONS-PR-00131-MAT-STEEL-COIL,MAT-STEEL-COIL,FAC-1,consumption,123.6,2026-09-20T17:16:08.405Z,PR-00131
SM-CONS-PR-00131-MAT-PAINT,MAT-PAINT,FAC-1,consumption,8.24,2026-09-20T17:16:08.405Z,PR-00131
SM-CONS-PR-00132-MAT-STEEL-COIL,MAT-STEEL-COIL,FAC-1,consumption,112.8,2026-09-21T00:59:10.422Z,PR-00132
SM-CONS-PR-00132-MAT-PAINT,MAT-PAINT,FAC-1,consumption,7.52,2026-09-21T00:59:10.422Z,PR-00132
SM-CONS-PR-00135-MAT-STEEL-COIL,MAT-STEEL-COIL,FAC-1,consumption,122.4,2026-09-20T20:44:43.418Z,PR-00135
SM-CONS-PR-00135-MAT-FASTENER-KIT,MAT-FASTENER-KIT,FAC-1,consumption,136,2026-09-20T20:44:43.418Z,PR-00135
SM-CONS-PR-00135-MAT-PAINT,MAT-PAINT,FAC-1,consumption,8.16,2026-09-20T20:44:43.418Z,PR-00135
SM-CONS-PR-00136-MAT-STEEL-COIL,MAT-STEEL-COIL,FAC-1,consumption,123.3,2026-09-21T04:45:08.072Z,PR-00136
SM-CONS-PR-00136-MAT-FASTENER-KIT,MAT-FASTENER-KIT,FAC-1,consumption,137,2026-09-21T04:45:08.072Z,PR-00136
SM-CONS-PR-00136-MAT-PAINT,MAT-PAINT,FAC-1,consumption,8.22,2026-09-21T04:45:08.072Z,PR-00136
SM-RECV-SD-1,MAT-STEEL-COIL,FAC-1,receipt,5000,2026-09-13T08:00:00.000Z,SD-1
SM-RECV-SD-2,MAT-STEEL-COIL,FAC-1,receipt,5000,2026-09-18T08:00:00.000Z,SD-2
SM-RECV-SD-4,MAT-PAINT,FAC-1,receipt,800,2026-09-16T08:00:00.000Z,SD-4
SM-RECV-SD-5,MAT-FASTENER-KIT,FAC-1,receipt,3000,2026-09-17T08:00:00.000Z,SD-5
SM-OPEN-MAT-STEEL-COIL,MAT-STEEL-COIL,FAC-1,adjustment,2000,2026-09-10T08:00:00.000Z,opening-balance
SM-OPEN-MAT-FRICTION-COMPOUND,MAT-FRICTION-COMPOUND,FAC-1,adjustment,2000,2026-09-10T08:00:00.000Z,opening-balance
SM-OPEN-MAT-PAINT,MAT-PAINT,FAC-1,adjustment,2000,2026-09-10T08:00:00.000Z,opening-balance
SM-OPEN-MAT-FASTENER-KIT,MAT-FASTENER-KIT,FAC-1,adjustment,2000,2026-09-10T08:00:00.000Z,opening-balance
